,train,test
Mkt,0.0,-0.3251563498698775
Mom_proxy,0.0,-0.3275444691278635
Quality_proxy,0.0,0.4767084067557912
Value_proxy,0.0,-0.0854518900302107
Size_proxy,0.0,-0.018729980054629003
LowVol_proxy,0.0,-0.19796203545800792
Rates_proxy,0.0,0.17370555138845845
IG_proxy,0.0,0.23666094026628243
HY_proxy,0.0,0.29816986207019197
