,train,test
Mkt,,-0.23267818977405078
Mom_proxy,,-0.3053270098957926
Quality_proxy,,0.39742476512725633
Value_proxy,,-0.09870913415774649
Size_proxy,,-0.036237866084205206
LowVol_proxy,,-0.1796804146927693
Rates_proxy,,0.128559295853449
IG_proxy,,0.3550778751185185
HY_proxy,,0.2737709672430315
