,train,test
Mkt,,-0.2724310749583159
Mom_proxy,,-0.29275560689245694
Quality_proxy,,0.4687382277741851
Value_proxy,,-0.0938874568725706
Size_proxy,,-0.08460394734953304
LowVol_proxy,,-0.16613308175133698
Rates_proxy,,0.1850516743495455
IG_proxy,,0.2110868819874373
HY_proxy,,0.4359056871431163
