,train,test
Mkt,0.0,-0.2718849491861035
Mom_proxy,0.0,-0.3016672522064472
Quality_proxy,0.0,0.4024381909334297
Value_proxy,0.0,-0.08198488788361757
Size_proxy,0.0,-0.03757414622971911
LowVol_proxy,0.0,-0.19925559313062374
Rates_proxy,0.0,0.1702810721420983
IG_proxy,0.0,0.2236935326571394
HY_proxy,0.0,0.36678347705302977
