,train,test
Mkt,,-0.2718820176294801
Mom_proxy,,-0.30166749323376874
Quality_proxy,,0.40243164145598864
Value_proxy,,-0.08198262126618633
Size_proxy,,-0.0375784427692028
LowVol_proxy,,-0.1992554138983878
Rates_proxy,,0.1702875318297994
IG_proxy,,0.2236771733161063
HY_proxy,,0.3668201174500622
